<?xml version="1.0" encoding="UTF-8"?>
<!DOCTYPE beans PUBLIC "-//SPRING//DTD BEAN 2.0//EN" "http://www.springframework.org/dtd/spring-beans-2.0.dtd" >

<beans>

	<bean id="triangle" class="org.babu.springse.Triangle" >
			 <property name="pointA" ref="pointZero"/>
	         <property name="pointB" ref="point1"/>
	         <property name="pointC" ref="point2"/>  
	</bean> 


	<bean id="circle" class="org.babu.springse.Circle" >
			 <property name="center" ref="pointZero"/>
	</bean> 
	
	<bean id="center" class="org.babu.springse.Point">
		<property name="x" value="0"/>
		<property name="y" value="0"/>
	</bean>
	
	<bean class="org.springframework.beans.factory.annotation.AutowiredAnnotationBeanPostProcessor"/>
	   
	<bean id="pointZero" class="org.babu.springse.Point">
		<property name="x" value="0"/>
		<property name="y" value="0"/>
	</bean>
	
	<bean id="point1" class="org.babu.springse.Point">
		<property name="x" value="0"/>
		<property name="y" value="0"/>
	</bean>
	
	<bean id="point2" class="org.babu.springse.Point">
		<property name="x" value="0"/>
		<property name="y" value="0"/>
	</bean> 



<!-- 	<bean id ="triangle" class="org.babu.springse.Triangle">
		<property name="type" value="Triangle"/>
		<construct-arg value="circle" />
		<construct-arg value="20">
	</bean> -->
	
<!-- 	<bean id="triangle" class="org.babu.springse.Triangle">
	
		<property name="pointA" ref="pointZero"/>
		
				
			Here pointB and PointC are inner bean because we assume they are only used 
			in the Triangle class and have no other use  but zero point may use in some 
			other Classes
		
		
		<property name="pointB">
			<bean class="org.babu.springse.Point">
				<property name="x" value="-20"/>
				<property name="y" value="0"/>
			</bean>
		</property>

		<property name="pointC">
				<bean class="org.babu.springse.Point">
					<property name="x" value="20"/>
					<property name="y" value="0"/>
				</bean>
		</property>
		
	</bean>	
	
	<bean id="pointZero" class="org.babu.springse.Point">
		<property name="x" value="0"/>
		<property name="y" value="0"/>
	</bean>	 -->
	
<!-- Following code  for List and same idea for map and set -->
	
<!-- <bean id="triangle" class="org.babu.springse.Triangle">
	
	<property name="points">
		<list>
			<ref bean="pointZero"/>
			<ref bean="point1"/>
			<ref bean="point2"/>
		</list>	
	</property>

</bean> -->

<!-- 	
	<bean id="pointZero" class="org.babu.springse.Point">
		<property name="x" value="0"/>
		<property name="y" value="0"/>
	</bean>
	
	<bean id="point1" class="org.babu.springse.Point">
		<property name="x" value="0"/>
		<property name="y" value="0"/>
	</bean>
	
	<bean id="point2" class="org.babu.springse.Point">
		<property name="x" value="0"/>
		<property name="y" value="0"/>
	</bean> 
-->
<!-- end of set	 -->

<!-- Auto matic Initialize all the member varialbe inthe Triangle class using autowire -->

<!-- <bean id="triangle" class="org.babu.springse.Triangle" autowire="byName">
</bean> -->

<!-- Here we  set parent="triangleParent"  id could be any thing instead of triangleParent to triangle bean that is actually inheritance in Java  -->

<!-- 	<bean id ="triangleParent" class="org.babu.springse.Triangle">	
			<property name="pointA" ref="pointA"/>
	</bean>

	<bean id="triangle" class="org.babu.springse.Triangle" parent="triangleParent">
		
	         <property name="pointB" ref="pointB"/>
	         <property name="pointC" ref="pointC"/>
	         
	</bean> -->
	
<!-- 	<bean id="triangleParent" class="org.babu.springse.Triangle">
		 <property name="points">
		 		<list>
		 			<ref bean="pointA"/>
		 		</list>
		 </property>
	</bean> -->
	
<!-- 	we can use triangleParent as an Template and force the spring not to create any bean by simply adding abstract="true" and override in the child bean -->

<!-- <bean id="triangleParent" class="org.babu.springse.Triangle" abstract="true">
		 <property name="points">
		 		<list>
		 			<ref bean="pointA"/>
		 		</list>
		 </property>
	</bean> -->
	
<!-- 	<bean id="triangle" class="org.babu.springse.Triangle" parent="triangleParent">
		<property name="points">
		merge ="true" provides the ability to not override but add property with parent points Otherwise it would replace whatever in parent by what ever in child
				<list merge="true"> 
					<ref bean="pointB"/>
					<ref bean="pointC"/>
				</list>
		</property>
	</bean>
	 -->
<!-- 	<bean id="pointA" class="org.babu.springse.Point">
		<property name="x" value="20"/>
		<property name="y" value="20"/>
	</bean>
	
	<bean id="pointB" class="org.babu.springse.Point">
		<property name="x" value="0"/>
		<property name="y" value="0"/>
	</bean>
	
	<bean id="pointC" class="org.babu.springse.Point">
		<property name="x" value="0"/>
		<property name="y" value="0"/>
	</bean> -->

<!-- Pre and post processor action and this is the entry of DioplayBeanPostProdessor to spring	 -->

<!-- <bean class="org.babu.springse.DisplayBeanPostProcessor">
	
</bean> -->

<!-- <bean class="org.babu.springse.DisplayBeanPostProcessor"/> -->

<!-- this code if you want to load value from poroperties file  but for my case point.java x and y 
need to convert string it show cna't convert string to int -->

<!-- 	<bean id="triangle" class="org.babu.springse.Triangle" >
			 <property name="pointA" ref="pointZero"/>
	         <property name="pointB" ref="point1"/>
	         <property name="pointC" ref="point2"/>  
	</bean> 

	<bean id="pointZero" class="org.babu.springse.Point">
		<property name="x" value="${pointA.pointX}"/>
		<property name="y" value="${pointA.pointY}"/>
	</bean>
	
	<bean id="point1" class="org.babu.springse.Point">
		<property name="x" value="0"/>
		<property name="y" value="0"/>
	</bean>
	
	<bean id="point2" class="org.babu.springse.Point">
		<property name="x" value="0"/>
		<property name="y" value="0"/>
	</bean> 

<bean class="org.springframework.beans.factory.config.PropertyPlaceholderConfigurer">
<property name="location" value="pointconfig.properties"/>
</bean> -->

<!-- Not Working -->
<!-- <bean id="messageSoruce" class="org.springframework.context.support.ResourceBundleMessageSource">
	<property name="basenames">
		<list>
			<value>mymessages</value>
		</list>
	</property>

</bean> -->

</beans>
